{
    "content_scripts": [
        "content.js"
    ], 
    "description": "Anti-social media.", 
    "creator": "Eric Martindale", 
    "framework_version": "1.7.9 e39b6ff2fcc8", 
    "background_scripts": [
        "main.js"
    ], 
    "homepage_url": "", 
    "version": "0.1.0", 
    "framework_package_id": "dev", 
    "browser_button": {
        "caption": "Slacker", 
        "tooltipText": "Get yelled at for using social media.", 
        "icon": "icons/slacker.png"
    }, 
    "id": "nhmdellepkebiaiipgbjpohllaleojca", 
    "name": "Slacker"
}